Hit 1: CAS;;;;
66-25-1;;;;
1632-71-9;;;;
1120-21-4;;;;
0-00-0;;;;
0-00-0;;;;
127-91-3;;;;
62238-24-8;;;;
127-91-3;;;;
3387-41-5;;;;
36144-40-8;;;;
127-91-3;;;;
106-42-3;;;;
818-81-5;;;;
17312-44-6;;;;
80-56-8;;;;
25117-31-1;;;;
106-25-2;;;;
95-47-6;;;;
106-42-3;;;;
80-56-8;;;;
10042-59-8;;;;
6789-80-6;;;;
99805-90-0;;;;
58037-87-9;;;;
58037-87-9;;;;
123-35-3;;;;
527-84-4;;;;
586-62-9;;;;
95-47-6;;;;
629-59-4;;;;
138-86-3;;;;
555-10-2;;;;
192823-15-7;;;;
423-38-1;;;;
108-65-6;;;;
6728-26-3;;;;
762-46-9;;;;
74663-87-9;;;;
192823-15-7;;;;
80-56-8;;;;
423-38-1;;;;
620-14-4;;;;
423-38-1;;;;
99-85-4;;;;
538-93-2;;;;
540-97-6;;;;
540-97-6;;;;
99-85-4;;;;
135-98-8;;;;
99-85-4;;;;
460-01-5;;;;
3338-55-4;;;;
540-97-6;;;;
423-38-1;;;;
100-42-5;;;;
527-84-4;;;;
192823-15-7;;;;
527-84-4;;;;
0-00-0;;;;
2801-84-5;;;;
586-62-9;;;;
620-14-4;;;;
629-50-5;;;;
36262-09-6;;;;
135-01-3;;;;
105-05-5;;;;
19780-79-1;;;;
3913-02-8;;;;
10408-15-8;;;;
586-62-9;;;;
4218-48-8;;;;
18344-37-1;;;;
0-00-0;;;;
56862-62-5;;;;
195194-80-0;;;;
0-00-0;;;;
111-27-3;;;;
0-00-0;;;;
111-27-3;;;;
6418-41-3;;;;
0-00-0;;;;
4920-99-4;;;;
5637-96-7;;;;
4920-99-4;;;;
0-00-0;;;;
55191-62-3;;;;
0-00-0;;;;
0-00-0;;;;
123-42-2;;;;
1758-88-9;;;;
29714-87-2;;;;
0-00-0;;;;
7564-64-9;;;;
195194-80-0;;;;
7216-56-0;;;;
127-91-3;;;;
99172-18-6;;;;
874-41-9;;;;
2425-77-6;;;;
544-12-7;;;;
18344-37-1;;;;
0-00-0;;;;
103-83-3;;;;
2439-43-2;;;;
124-19-6;;;;
111-76-2;;;;
27831-13-6;;;;
37587-78-3;;;;
71579-69-6;;;;
52355-42-7;;;;
2425-77-6;;;;
18344-37-1;;;;
2439-43-2;;;;
195194-80-0;;;;
0-00-0;;;;
10544-96-4;;;;
13287-21-3;;;;
0-00-0;;;;
10203-32-4;;;;
55162-61-3;;;;
0-00-0;;;;
2490-48-4;;;;
0-00-0;;;;
19780-11-1;;;;
25117-32-2;;;;
0-00-0;;;;
1758-88-9;;;;
195194-80-0;;;;
0-00-0;;;;
34995-77-2;;;;
73105-67-6;;;;
20053-58-1;;;;
1195-32-0;;;;
10544-96-4;;;;
54105-67-8;;;;
4680-24-4;;;;
0-00-0;;;;
18479-58-8;;;;
824-90-8;;;;
0-00-0;;;;
20307-84-0;;;;
34995-77-2;;;;
0-00-0;;;;
20307-84-0;;;;
34995-77-2;;;;
56666-90-1;;;;
20307-84-0;;;;
18344-37-1;;;;
58175-57-8;;;;
629-74-3;;;;
14852-31-4;;;;
91875-70-6;;;;
36653-82-4;;;;
15965-99-8;;;;
3856-25-5;;;;
1795-15-9;;;;
0-00-0;;;;
112-31-2;;;;
34315-34-9;;;;
2490-48-4;;;;
423-38-1;;;;
0-00-0;;;;
423-38-1;;;;
423-38-1;;;;
70786-44-6;;;;
335-45-5;;;;
423-38-1;;;;
423-38-1;;;;
100-52-7;;;;
60784-31-8;;;;
78-70-6;;;;
19093-11-9;;;;
4984-01-4;;;;
7149-26-0;;;;
0-00-0;;;;
71579-69-6;;;;
21129-27-1;;;;
0-00-0;;;;
29803-81-4;;;;
13491-79-7;;;;
0-00-0;;;;
143-13-5;;;;
143-13-5;;;;
30460-92-5;;;;
112-95-8;;;;
0-00-0;;;;
19780-63-3;;;;
76-49-3;;;;
0-00-0;;;;
515-13-9;;;;
2883-02-5;;;;
195194-80-0;;;;
15965-99-8;;;;
118-65-0;;;;
87-44-5;;;;
73105-67-6;;;;
0-00-0;;;;
39510-36-6;;;;
19780-11-1;;;;
37587-78-3;;;;
0-00-0;;;;
111-90-0;;;;
2438-80-4;;;;
2490-48-4;;;;
0-00-0;;;;
76841-70-8;;;;
339154-91-5;;;;
21129-27-1;;;;
0-00-0;;;;
15965-99-8;;;;
547-61-5;;;;
112-42-5;;;;
0-00-0;;;;
98-86-2;;;;
15965-99-8;;;;
7212-40-0;;;;
0-00-0;;;;
6753-98-6;;;;
0-00-0;;;;
56051-53-7;;;;
423-38-1;;;;
57156-91-9;;;;
18344-37-1;;;;
32210-23-4;;;;
2490-48-4;;;;
423-38-1;;;;
24545-81-1;;;;
500-02-7;;;;
19780-11-1;;;;
15965-99-8;;;;
19780-11-1;;;;
6785-23-5;;;;
2490-48-4;;;;
423-38-1;;;;
80-26-2;;;;
0-00-0;;;;
28229-15-4;;;;
70987-81-4;;;;
54284-45-6;;;;
23986-74-5;;;;
4017-82-7;;;;
80-57-9;;;;
0-00-0;;;;
54166-47-1;;;;
108511-85-9;;;;
4748-78-1;;;;
86426-73-5;;;;
140-11-4;;;;
55130-16-0;;;;
0-00-0;;;;
109-52-4;;;;
0-00-0;;;;
5951-57-5;;;;
121747-63-5;;;;
55282-02-5;;;;
61868-03-9;;;;
99-49-0;;;;
18881-04-4;;;;
4748-78-1;;;;
112-70-9;;;;
0-00-0;;;;
91-20-3;;;;
0-00-0;;;;
0-00-0;;;;
80-57-9;;;;
2471-84-3;;;;
1883-13-2;;;;
0-00-0;;;;
0-00-0;;;;
0-00-0;;;;
112-95-8;;;;
0-00-0;;;;
20731-17-3;;;;
0-00-0;;;;
335-45-5;;;;
119-36-8;;;;
112-34-5;;;;
4619-20-9;;;;
375-45-1;;;;
35907-10-9;;;;
0-00-0;;;;
56687-68-4;;;;
0-00-0;;;;
99172-18-6;;;;
423-38-1;;;;
5989-33-3;;;;
27829-54-5;;;;
335-45-5;;;;
5989-33-3;;;;
423-38-1;;;;
423-38-1;;;;
423-38-1;;;;
423-38-1;;;;
423-38-1;;;;
423-38-1;;;;
10292-65-6;;;;
142-62-1;;;;
937-30-4;;;;
1197-01-9;;;;
18202-20-5;;;;
74367-34-3;;;;
52355-42-7;;;;
56687-68-4;;;;
6846-50-0;;;;
150-76-5;;;;
98419-16-0;;;;
56687-68-4;;;;
937-30-4;;;;
4408-60-0;;;;
937-30-4;;;;
57156-91-9;;;;
0-00-0;;;;
22699-70-3;;;;
100-51-6;;;;
35907-10-9;;;;
56687-68-4;;;;
0-00-0;;;;
0-00-0;;;;
57156-95-3;;;;
16714-85-5;;;;
98419-16-0;;;;
128-37-0;;;;
0-00-0;;;;
105794-58-9;;;;
60-12-8;;;;
1413-55-4;;;;
2435-85-0;;;;
7333-25-7;;;;
0-00-0;;;;
57156-95-3;;;;
0-00-0;;;;
36436-65-4;;;;
57156-95-3;;;;
13741-21-4;;;;
207669-70-3;;;;
57156-95-3;;;;
149-57-5;;;;
0-00-0;;;;
111-14-8;;;;
13741-21-4;;;;
57156-91-9;;;;
55521-23-8;;;;
56687-68-4;;;;
112-70-9;;;;
3637-01-2;;;;
96-08-2;;;;
95-16-9;;;;
0-00-0;;;;
0-00-0;;;;
99172-18-6;;;;
2219-78-5;;;;
1139-30-6;;;;
80463-21-4;;;;
56362-87-9;;;;
33795-18-5;;;;
1139-30-6;;;;
40716-66-3;;;;
56687-68-4;;;;
83-33-0;;;;
56687-68-4;;;;
22599-96-8;;;;
5115-81-1;;;;
105794-58-9;;;;
124-07-2;;;;
1783-84-2;;;;
55320-02-0;;;;
0-00-0;;;;
56847-05-3;;;;
536-60-7;;;;
16714-85-5;;;;
3055-98-9;;;;
502-69-2;;;;
105794-58-9;;;;
0-00-0;;;;
57156-95-3;;;;
102281-26-5;;;;
64142-78-5;;;;
105794-58-9;;;;
122-99-6;;;;
112-05-0;;;;
112-05-0;;;;
1941-12-4;;;;
56599-45-2;;;;
14905-56-7;;;;
72120-50-4;;;;
56599-45-2;;;;
55521-23-8;;;;
5129-66-8;;;;
105-60-2;;;;
56599-45-2;;;;
93-04-9;;;;
124045-59-6;;;;
77171-55-2;;;;
56599-45-2;;;;
22599-96-8;;;;
56599-46-3;;;;
334-48-5;;;;
112-95-8;;;;
10544-96-4;;;;
1946-00-5;;;;
96-76-4;;;;
56687-68-4;;;;
52389-15-8;;;;
20071-09-4;;;;
126-86-3;;;;
6781-42-6;;;;
0-00-0;;;;
13657-49-3;;;;
0-00-0;;;;
6781-42-6;;;;
6781-42-6;;;;
105794-58-9;;;;
60548-96-1;;;;
20071-09-4;;;;
3018-20-0;;;;
3018-20-0;;;;
56687-68-4;;;;
112-95-8;;;;
52355-42-7;;;;
0-00-0;;;;
0-00-0;;;;
7098-22-8;;;;
0-00-0;;;;
20797-56-2;;;;
56599-45-2;;;;
56599-45-2;;;;
0-00-0;;;;
0-00-0;;;;
0-00-0;;;;
52355-42-7;;;;
111-02-4;;;;
131758-71-9;;;;
111-02-4;;;;
77-90-7;;;;
55489-54-8;;;;
5129-61-3;;;;
56599-46-3;;;;
20071-09-4;;;;
56687-68-4;;;;
24851-98-7;;;;
125284-20-0;;;;
105794-58-9;;;;
22599-96-8;;;;
0-00-0;;;;
0-00-0;;;;
57156-95-3;;;;
57156-95-3;;;;
101-84-8;;;;
142-50-7;;;;
110-27-0;;;;
51276-33-6;;;;
56687-68-4;;;;
124045-68-7;;;;
0-00-0;;;;
0-00-0;;;;
55759-94-9;;;;
127-51-5;;;;
0-00-0;;;;
77770-51-5;;;;
689-67-8;;;;
55521-23-8;;;;
18679-48-6;;;;
74367-34-3;;;;
59782-58-0;;;;
0-00-0;;;;
1197-07-5;;;;
56599-50-9;;;;
10544-96-4;;;;
56687-68-4;;;;
35507-09-6;;;;